id,first_name,last_name,email,gender,ip_address
1,Erna,Goslin,egoslin0@surveymonkey.com,Female,249.142.1.242
2,Evan,Cann,ecann1@free.fr,Male,187.86.60.9
3,Sheila-kathryn,Reddin,sreddin2@webs.com,Female,97.21.102.47
4,Abra,Rozzier,arozzier3@senate.gov,Female,15.152.123.176
5,Jereme,Siggee,jsiggee4@altervista.org,Male,56.1.65.118
6,Valentin,Sheeres,vsheeres5@nbcnews.com,Male,162.255.78.159
7,Brandy,Bisgrove,bbisgrove6@ted.com,Female,79.158.76.192
8,Durand,Ormston,dormston7@e-recht24.de,Male,120.53.113.171
9,Murielle,Melanaphy,mmelanaphy8@flavors.me,Female,111.11.172.89
10,Dilly,Cail,dcail9@businessinsider.com,Genderqueer,226.175.232.239
11,Pall,Maynard,pmaynarda@google.co.jp,Male,154.33.216.43
12,Frazier,Gronauer,fgronauerb@acquirethisname.com,Male,15.214.154.222
13,Agosto,Parcall,aparcallc@google.pl,Male,146.21.144.246
14,Maria,Howsan,mhowsand@creativecommons.org,Female,146.235.6.201
15,Burtie,De Pietri,bdepietrie@networksolutions.com,Male,17.41.12.218
16,Harli,Pibworth,hpibworthf@usgs.gov,Female,193.132.221.82
17,Toddie,Lewknor,tlewknorg@about.me,Male,173.7.94.247
18,Ronica,Simonou,rsimonouh@illinois.edu,Female,130.34.0.103
19,Alla,Smithe,asmithei@cpanel.net,Female,245.160.197.12
20,Ryan,Hanbury-Brown,rhanburybrownj@stumbleupon.com,Male,173.19.223.52
21,Jonathon,Alldridge,jalldridgek@arizona.edu,Male,159.234.247.247
22,Jerrie,Filpi,jfilpil@etsy.com,Female,244.11.116.97
23,Torrin,Overstreet,toverstreetm@squarespace.com,Male,253.216.235.43
24,Toby,Fosken,tfoskenn@hao123.com,Male,33.10.48.109
25,Silvain,Blackham,sblackhamo@disqus.com,Male,158.71.62.56
26,Malvin,Stodhart,mstodhartp@skype.com,Male,58.28.125.225
27,Cosimo,Ritter,critterq@linkedin.com,Male,235.220.93.193
28,Teddie,Bruck,tbruckr@foxnews.com,Female,232.239.43.19
29,Heinrick,Skahill,hskahills@timesonline.co.uk,Male,44.231.168.4
30,Karoly,Durning,kdurningt@smugmug.com,Male,219.188.16.61
31,Florina,Uridge,furidgeu@bravesites.com,Female,166.205.72.155
32,Orville,Kerfod,okerfodv@umn.edu,Male,100.179.187.28
33,Maryanne,MacArte,mmacartew@wisc.edu,Female,80.134.165.207
34,Lucille,Tresise,ltresisex@wix.com,Female,8.23.188.156
35,Roz,Thirtle,rthirtley@blogger.com,Female,54.196.148.252
36,Zollie,Novotna,znovotnaz@cargocollective.com,Male,244.244.254.230
37,Annabella,Nanni,ananni10@ask.com,Female,172.217.183.108
38,Preston,Sabates,psabates11@dyndns.org,Male,29.223.109.209
39,Conchita,Collins,ccollins12@dyndns.org,Female,139.60.156.71
40,Joelle,Otton,jotton13@zimbio.com,Female,154.187.172.249
41,Eunice,Costerd,ecosterd14@tinyurl.com,Female,81.198.16.43
42,Crosby,Acomb,cacomb15@huffingtonpost.com,Male,199.102.19.140
43,Cleve,Bremond,cbremond16@ebay.co.uk,Male,164.36.3.68
44,Ginnie,Dobney,gdobney17@illinois.edu,Female,36.3.4.232
45,Bartholomeo,Cattonnet,bcattonnet18@earthlink.net,Male,224.137.71.247
46,Casey,Mintrim,cmintrim19@blogspot.com,Male,166.91.44.197
47,Ilyse,Allberry,iallberry1a@webs.com,Female,156.68.191.230
48,Natal,Elnor,nelnor1b@blogs.com,Male,87.77.124.8
49,Farra,Kleiner,fkleiner1c@soup.io,Female,218.181.52.172
50,Yance,Janout,yjanout1d@nymag.com,Male,143.60.45.213
51,Gerhardt,Skeen,gskeen1e@eepurl.com,Male,145.200.116.243
52,Tonia,Waller,twaller1f@slate.com,Female,235.59.64.124
53,Catherine,Portam,cportam1g@cafepress.com,Female,202.216.134.14
54,Barby,Carme,bcarme1h@amazonaws.com,Female,83.29.8.147
55,Stefa,Cottem,scottem1i@bloglovin.com,Female,218.128.104.114
56,Lari,Doog,ldoog1j@microsoft.com,Female,218.24.213.89
57,Dalis,Swayte,dswayte1k@umich.edu,Male,13.51.150.119
58,Dannie,Hymor,dhymor1l@ocn.ne.jp,Female,208.177.127.26
59,Angele,Mucklestone,amucklestone1m@who.int,Female,6.149.213.183
60,Jami,Priter,jpriter1n@patch.com,Female,124.156.48.239
61,Romy,Rosebotham,rrosebotham1o@cisco.com,Female,103.240.50.238
62,Pattin,Huggill,phuggill1p@latimes.com,Polygender,190.9.238.130
63,Cheslie,Munkton,cmunkton1q@desdev.cn,Female,123.64.212.109
64,Ardene,Toal,atoal1r@accuweather.com,Female,136.140.68.203
65,Brooks,Danielian,bdanielian1s@ebay.co.uk,Male,238.138.75.92
66,Merv,Bolter,mbolter1t@rambler.ru,Male,63.30.79.170
67,Lacey,Mixer,lmixer1u@jugem.jp,Female,183.219.76.53
68,Robinetta,Poltun,rpoltun1v@usa.gov,Female,205.3.172.99
69,Con,Overnell,covernell1w@pen.io,Non-binary,181.194.142.227
70,Afton,Awdry,aawdry1x@hud.gov,Female,216.224.208.222
71,Cynthie,Oxburgh,coxburgh1y@addtoany.com,Female,241.61.127.118
72,Langsdon,Giacoboni,lgiacoboni1z@springer.com,Polygender,92.18.137.248
73,Demetris,Jenkins,djenkins20@hp.com,Genderqueer,50.214.20.124
74,Vivyan,Carlisle,vcarlisle21@ustream.tv,Female,36.87.157.175
75,Christin,Mileham,cmileham22@mysql.com,Female,141.219.69.89
76,Konrad,Commusso,kcommusso23@deviantart.com,Male,237.3.48.108
77,Damara,Hunte,dhunte24@globo.com,Female,122.167.115.30
78,Neda,Parkey,nparkey25@baidu.com,Female,114.247.188.137
79,Floyd,Edgeon,fedgeon26@google.ca,Male,12.240.168.179
80,Cleon,Halsted,chalsted27@usda.gov,Male,114.114.221.28
81,Angelita,Kalkhoven,akalkhoven28@wired.com,Female,239.129.96.174
82,Jakie,Izod,jizod29@over-blog.com,Male,151.202.138.249
83,Starla,Point,spoint2a@flickr.com,Female,119.5.146.44
84,Gaultiero,Seiller,gseiller2b@census.gov,Male,156.206.54.135
85,Thacher,Cudihy,tcudihy2c@va.gov,Male,238.23.122.172
86,Ardisj,Ilyunin,ailyunin2d@livejournal.com,Female,48.206.85.81
87,Hale,Pudsall,hpudsall2e@timesonline.co.uk,Male,166.209.24.65
88,Niles,Ruberti,nruberti2f@youtu.be,Male,17.253.105.240
89,Bronny,Bielefeld,bbielefeld2g@miitbeian.gov.cn,Genderqueer,164.130.251.81
90,Alasteir,Sweatman,asweatman2h@stanford.edu,Genderfluid,218.156.176.71
91,Warren,Elce,welce2i@cnbc.com,Male,8.3.241.173
92,Kippie,Butland,kbutland2j@ucoz.ru,Male,49.244.57.14
93,Des,Sharrock,dsharrock2k@hibu.com,Male,228.82.144.49
94,Jillene,Holbarrow,jholbarrow2l@163.com,Female,122.41.174.193
95,Karyl,Legendre,klegendre2m@adobe.com,Female,105.92.114.169
96,Edmund,Gellion,egellion2n@newyorker.com,Male,108.79.245.184
97,Michail,Dolder,mdolder2o@xrea.com,Male,100.170.108.69
98,Normy,Lampkin,nlampkin2p@shinystat.com,Male,139.156.155.25
99,Patrizia,Ashleigh,pashleigh2q@drupal.org,Female,118.158.158.164
100,Aldin,Juschke,ajuschke2r@dot.gov,Male,247.203.22.246
101,Simone,Roome,sroome2s@mac.com,Female,146.249.115.126
102,Dyna,Raincin,draincin2t@google.nl,Female,138.136.16.145
103,Thomas,Belcham,tbelcham2u@rediff.com,Male,39.8.82.216
104,Doyle,Bulleyn,dbulleyn2v@senate.gov,Male,103.198.122.250
105,Emelen,Hingeley,ehingeley2w@pbs.org,Male,101.199.129.8
106,Helenka,Purviss,hpurviss2x@buzzfeed.com,Female,7.124.44.114
107,Allsun,Zappel,azappel2y@scribd.com,Female,99.137.170.128
108,Margi,Fiddler,mfiddler2z@cam.ac.uk,Female,202.206.65.134
109,Renata,Vondra,rvondra30@pinterest.com,Genderfluid,173.54.198.89
110,Afton,Breache,abreache31@usa.gov,Female,30.88.181.219
111,Candie,Chart,cchart32@jalbum.net,Female,18.251.132.149
112,Culley,Fedorski,cfedorski33@earthlink.net,Male,124.35.160.47
113,Marji,Dornan,mdornan34@oakley.com,Female,90.50.182.10
114,Hildagard,Diego,hdiego35@pbs.org,Female,242.145.145.81
115,Ambur,Cull,acull36@mit.edu,Female,144.171.39.231
116,Willabella,Cogzell,wcogzell37@nationalgeographic.com,Female,147.41.114.212
117,El,Hambrick,ehambrick38@newyorker.com,Male,193.243.20.163
118,Berenice,Whittington,bwhittington39@psu.edu,Female,10.32.220.243
119,Chet,Blaschek,cblaschek3a@nhs.uk,Bigender,80.82.81.209
120,Jarred,Brader,jbrader3b@privacy.gov.au,Male,249.156.156.87
121,Marshal,Worsom,mworsom3c@soundcloud.com,Male,162.41.191.33
122,Geneva,Linnell,glinnell3d@typepad.com,Female,209.150.221.242
123,Cecilia,McCawley,cmccawley3e@dion.ne.jp,Female,151.139.54.22
124,Farrel,Butterley,fbutterley3f@ft.com,Male,169.2.168.168
125,Hilliard,Hakewell,hhakewell3g@marriott.com,Male,102.160.128.131
126,Myriam,Rosenblath,mrosenblath3h@yellowbook.com,Female,119.21.2.176
127,Willie,Colley,wcolley3i@feedburner.com,Male,22.184.10.42
128,Matilde,Simakov,msimakov3j@technorati.com,Female,112.42.155.193
129,Marcelle,Weight,mweight3k@umn.edu,Female,9.152.155.44
130,Crysta,Eloy,celoy3l@people.com.cn,Agender,40.207.66.58
131,Antonietta,Hess,ahess3m@shareasale.com,Female,66.137.15.62
132,Beale,Storer,bstorer3n@ucoz.com,Genderqueer,251.4.18.66
133,Corny,McCullum,cmccullum3o@reference.com,Male,36.182.189.36
134,Kimmie,Coddington,kcoddington3p@sakura.ne.jp,Female,220.88.8.205
135,Jolie,Aubri,jaubri3q@phpbb.com,Female,230.79.216.234
136,Ema,Lutman,elutman3r@hhs.gov,Female,108.55.163.31
137,Dana,Gronw,dgronw3s@vinaora.com,Male,198.211.102.26
138,Vere,Alfwy,valfwy3t@jiathis.com,Female,252.102.208.189
139,Leelah,Hardie,lhardie3u@columbia.edu,Female,72.80.252.145
140,Hector,Menault,hmenault3v@usda.gov,Male,250.6.200.216
141,Tarrance,Rame,trame3w@addthis.com,Male,79.182.155.46
142,Taddeo,Gerbel,tgerbel3x@php.net,Male,254.180.231.77
143,Madison,Cuppitt,mcuppitt3y@ustream.tv,Male,23.69.92.162
144,Devondra,Foggarty,dfoggarty3z@addthis.com,Non-binary,71.160.228.23
145,Erna,McSorley,emcsorley40@istockphoto.com,Agender,156.164.121.241
146,Adela,Scase,ascase41@sakura.ne.jp,Female,52.188.162.214
147,Hana,Scally,hscally42@sphinn.com,Female,185.154.27.14
148,Yehudit,Beininck,ybeininck43@about.com,Genderfluid,102.203.219.220
149,Urbanus,Veart,uveart44@google.pl,Male,91.24.252.106
150,Christos,Harnor,charnor45@samsung.com,Male,5.125.25.161
151,Aubrie,Partleton,apartleton46@adobe.com,Female,5.188.165.231
152,Lanita,Vickerman,lvickerman47@weather.com,Female,224.195.253.36
153,Sigvard,Cattlemull,scattlemull48@reuters.com,Male,30.77.152.42
154,Garrick,Ickovitz,gickovitz49@jugem.jp,Male,21.181.185.171
155,Kirbie,Pendlebury,kpendlebury4a@europa.eu,Female,111.110.182.252
156,Carolina,Apperley,capperley4b@123-reg.co.uk,Female,132.120.65.106
157,Silvio,Gobat,sgobat4c@dailymotion.com,Male,141.78.92.218
158,Zarah,Raithbie,zraithbie4d@edublogs.org,Female,12.151.222.127
159,Adriena,Gelardi,agelardi4e@feedburner.com,Female,251.104.245.187
160,Welsh,Bark,wbark4f@typepad.com,Male,241.109.166.24
161,Jere,Auden,jauden4g@wordpress.com,Female,145.214.121.34
162,Yorker,Mangin,ymangin4h@phoca.cz,Male,2.15.60.25
163,Bennie,Britton,bbritton4i@newyorker.com,Non-binary,79.31.172.71
164,Shantee,Reavey,sreavey4j@bloglovin.com,Female,1.138.248.150
165,Steffi,Pinnington,spinnington4k@cnet.com,Female,29.71.49.55
166,Cleon,Mussettini,cmussettini4l@digg.com,Male,225.192.248.175
167,Jere,Rounds,jrounds4m@nih.gov,Male,101.99.9.43
168,Isabella,Parell,iparell4n@usda.gov,Female,112.43.64.248
169,Aubrey,Verchambre,averchambre4o@salon.com,Female,132.82.109.174
170,Quintus,Ault,qault4p@joomla.org,Male,229.255.33.215
171,York,Ibbett,yibbett4q@simplemachines.org,Male,241.9.134.228
172,Romain,Beahan,rbeahan4r@booking.com,Male,159.171.11.251
173,Laurence,Pley,lpley4s@bluehost.com,Male,36.233.3.98
174,Shawn,Ling,sling4t@npr.org,Agender,71.74.128.93
175,Sheela,Ozelton,sozelton4u@smh.com.au,Female,78.253.150.124
176,Sherm,McMullen,smcmullen4v@naver.com,Male,30.7.207.153
177,Petronilla,Tatersale,ptatersale4w@blogspot.com,Female,8.187.241.58
178,Ermin,Westley,ewestley4x@businessweek.com,Male,199.72.40.188
179,Leonore,Barstock,lbarstock4y@boston.com,Female,79.155.140.225
180,Glynn,Pitt,gpitt4z@msu.edu,Male,97.29.84.5
181,Jamil,Oboy,joboy50@telegraph.co.uk,Male,213.184.141.25
182,Rosco,Fausch,rfausch51@wikimedia.org,Male,202.21.31.246
183,Alisun,Radmore,aradmore52@senate.gov,Bigender,196.171.210.157
184,Ulises,Biggadike,ubiggadike53@virginia.edu,Male,57.189.240.94
185,Ailina,Guttridge,aguttridge54@live.com,Female,181.131.134.220
186,Daune,Dell,ddell55@cdc.gov,Female,198.67.97.206
187,Maxy,Axby,maxby56@smh.com.au,Male,202.215.198.66
188,Mellie,Arnatt,marnatt57@globo.com,Female,198.45.25.31
189,Hobart,Gosford,hgosford58@virginia.edu,Male,84.191.17.218
190,Irv,Vasyunkin,ivasyunkin59@ycombinator.com,Male,75.147.92.247
191,Marj,Kaes,mkaes5a@latimes.com,Female,11.194.104.178
192,Blayne,Davidzon,bdavidzon5b@webs.com,Agender,44.243.189.101
193,Shay,Boustead,sboustead5c@free.fr,Male,18.100.129.66
194,Erv,Braddick,ebraddick5d@businessweek.com,Male,33.92.171.183
195,Floyd,Parsisson,fparsisson5e@hibu.com,Male,109.254.103.126
196,Bridget,Lindstedt,blindstedt5f@hostgator.com,Female,55.44.159.186
197,Cristi,Reidie,creidie5g@eepurl.com,Female,57.80.131.22
198,Zaneta,Middis,zmiddis5h@xing.com,Female,108.78.197.233
199,Jeannine,Echlin,jechlin5i@timesonline.co.uk,Female,180.131.83.99
200,Osmond,Andren,oandren5j@printfriendly.com,Male,163.217.60.169
201,Reynard,Horrod,rhorrod5k@google.es,Male,158.143.170.38
202,Tanya,Ripley,tripley5l@cyberchimps.com,Female,159.113.250.189
203,Debera,Buesnel,dbuesnel5m@latimes.com,Female,227.16.218.169
204,Collie,Marcus,cmarcus5n@gnu.org,Female,45.109.46.181
205,Danyelle,Pratchett,dpratchett5o@fema.gov,Female,120.126.184.246
206,Geneva,Scutchin,gscutchin5p@google.ru,Female,213.117.65.193
207,Bron,Dominetti,bdominetti5q@techcrunch.com,Male,56.83.69.25
208,Scotti,Mildmott,smildmott5r@alibaba.com,Male,10.20.97.254
209,Reade,Huot,rhuot5s@paypal.com,Male,203.190.198.215
210,Erskine,Ensley,eensley5t@ox.ac.uk,Male,25.142.162.47
211,Essy,Lafond,elafond5u@nifty.com,Female,41.162.33.52
212,Arleen,Echlin,aechlin5v@geocities.jp,Female,153.13.218.65
213,Ailey,Hackwell,ahackwell5w@xing.com,Female,245.222.229.196
214,Powell,Maides,pmaides5x@zimbio.com,Male,175.193.51.5
215,Aldrich,Crocombe,acrocombe5y@cocolog-nifty.com,Male,70.99.233.18
216,Federico,Coppeard,fcoppeard5z@sciencedaily.com,Male,47.81.185.234
217,Lonnie,Stolle,lstolle60@dropbox.com,Male,192.176.155.111
218,Nollie,Prevost,nprevost61@nyu.edu,Male,129.132.205.87
219,Silvana,Margrie,smargrie62@storify.com,Female,9.63.45.245
220,Fitz,Jakobsson,fjakobsson63@wp.com,Male,243.170.35.143
221,Philis,Roughan,proughan64@moonfruit.com,Female,139.133.69.120
222,Maura,Paradin,mparadin65@wikia.com,Female,15.222.145.166
223,Eugene,Folbigg,efolbigg66@newyorker.com,Male,183.104.78.207
224,Lotti,Romanski,lromanski67@topsy.com,Female,28.3.28.210
225,Sibbie,Honisch,shonisch68@etsy.com,Female,134.66.206.226
226,Arnie,Janman,ajanman69@newyorker.com,Male,161.61.58.203
227,Herby,Takos,htakos6a@infoseek.co.jp,Male,245.54.66.101
228,Bradly,Poetz,bpoetz6b@vimeo.com,Male,92.87.14.42
229,Reinwald,Diment,rdiment6c@dropbox.com,Male,20.66.142.2
230,Jonah,Headford,jheadford6d@w3.org,Male,128.195.87.153
231,Nomi,Hornung,nhornung6e@netvibes.com,Female,236.112.181.7
232,Rheta,Eminson,reminson6f@de.vu,Female,251.173.219.146
233,Inga,Sessions,isessions6g@webs.com,Female,206.83.126.24
234,Cirilo,Juschke,cjuschke6h@xrea.com,Male,99.136.227.234
235,Kat,Longridge,klongridge6i@histats.com,Female,202.48.84.111
236,Gibbie,Drabble,gdrabble6j@123-reg.co.uk,Male,64.217.37.1
237,Linnie,Scholtz,lscholtz6k@tuttocitta.it,Female,125.165.242.97
238,Astra,Osboldstone,aosboldstone6l@people.com.cn,Female,127.202.220.73
239,Charissa,Hargess,chargess6m@diigo.com,Female,56.115.98.34
240,Pamelina,Lounds,plounds6n@reuters.com,Female,179.149.203.120
241,Garey,Towe,gtowe6o@altervista.org,Male,19.155.136.219
242,Abraham,Munnion,amunnion6p@phoca.cz,Male,111.132.33.57
243,Ulric,Coil,ucoil6q@unicef.org,Male,28.5.239.32
244,Howie,Gantley,hgantley6r@spotify.com,Male,249.160.7.97
245,Vania,Bassill,vbassill6s@vk.com,Female,115.16.240.202
246,Kristal,Loding,kloding6t@aol.com,Female,1.20.45.8
247,Hal,Milmore,hmilmore6u@mac.com,Genderfluid,62.69.244.145
248,Alexio,Delbergue,adelbergue6v@pen.io,Male,159.57.105.51
249,Aaren,Byng,abyng6w@umich.edu,Female,63.20.195.108
250,Huntley,Dunnet,hdunnet6x@baidu.com,Genderqueer,190.168.202.120
251,Barn,Saladin,bsaladin6y@state.tx.us,Male,6.167.173.152
252,Kelley,Gynne,kgynne6z@epa.gov,Female,89.37.0.131
253,Vasily,Borborough,vborborough70@hud.gov,Male,20.137.44.129
254,Fanny,Lendrem,flendrem71@whitehouse.gov,Female,118.143.14.98
255,Antonina,Seilmann,aseilmann72@va.gov,Female,120.84.98.92
256,Lianna,Effaunt,leffaunt73@adobe.com,Female,160.35.254.38
257,Kerry,Trustrie,ktrustrie74@arstechnica.com,Male,227.51.250.136
258,Cathryn,Middleweek,cmiddleweek75@github.com,Female,102.187.128.124
259,Forrester,Braban,fbraban76@wikia.com,Male,124.134.14.44
260,Jess,Casali,jcasali77@globo.com,Male,223.175.27.163
261,Pier,Bramo,pbramo78@php.net,Female,214.139.168.73
262,Abrahan,Reyna,areyna79@1und1.de,Male,98.59.23.212
263,Welbie,Stennet,wstennet7a@phpbb.com,Male,139.124.240.191
264,Reine,Abbatini,rabbatini7b@e-recht24.de,Female,178.196.149.82
265,Glyn,Debrett,gdebrett7c@mtv.com,Male,39.108.37.70
266,Rory,Benyon,rbenyon7d@utexas.edu,Male,254.254.210.20
267,Timi,Philippsohn,tphilippsohn7e@linkedin.com,Female,190.216.23.238
268,Wenona,Sabbin,wsabbin7f@sun.com,Female,113.164.47.136
269,Arlan,Lune,alune7g@amazonaws.com,Male,110.43.164.207
270,Christel,McNeilley,cmcneilley7h@networkadvertising.org,Female,183.130.207.238
271,Lyssa,Albone,lalbone7i@theatlantic.com,Female,105.142.156.122
272,Rubetta,Geydon,rgeydon7j@unesco.org,Female,204.116.158.209
273,Finley,Dufton,fdufton7k@examiner.com,Male,205.134.214.14
274,Antoni,Inglish,ainglish7l@mayoclinic.com,Male,170.129.142.221
275,Ransom,Poizer,rpoizer7m@indiegogo.com,Male,58.217.115.234
276,Liesa,Braunle,lbraunle7n@jigsy.com,Female,94.53.128.106
277,Sheff,Annett,sannett7o@sitemeter.com,Male,18.72.211.69
278,Daphne,Gavigan,dgavigan7p@utexas.edu,Female,224.54.252.113
279,Michaela,Aspray,maspray7q@constantcontact.com,Female,77.58.138.166
280,Alina,Magog,amagog7r@thetimes.co.uk,Female,15.208.51.14
281,Caressa,Samet,csamet7s@examiner.com,Female,157.175.17.9
282,Kelly,Hornbuckle,khornbuckle7t@google.com.br,Female,82.21.254.240
283,Abeu,Jozwiak,ajozwiak7u@delicious.com,Male,78.217.54.23
284,Marthena,Bourtoumieux,mbourtoumieux7v@fema.gov,Female,179.37.88.226
285,Wilbur,Donnett,wdonnett7w@newyorker.com,Agender,47.147.111.202
286,Essy,Mayte,emayte7x@bloomberg.com,Female,201.12.133.61
287,Garrett,Goodale,ggoodale7y@google.cn,Polygender,195.1.73.1
288,Zsa zsa,Millins,zmillins7z@wufoo.com,Female,147.224.222.138
289,Jackquelin,O'dell,jodell80@gmpg.org,Female,10.203.127.221
290,Rosalia,Reidie,rreidie81@scientificamerican.com,Female,57.178.76.142
291,Giraud,Corben,gcorben82@ft.com,Male,27.246.88.24
292,Devan,Kewzick,dkewzick83@mozilla.com,Female,160.195.205.142
293,Randy,Overthrow,roverthrow84@webnode.com,Male,44.60.205.253
294,Anson,McQuade,amcquade85@unicef.org,Male,41.227.134.126
295,North,Pettifor,npettifor86@blogspot.com,Male,136.77.33.195
296,Blondelle,Lamborn,blamborn87@miitbeian.gov.cn,Female,132.97.234.76
297,Jory,Lodford,jlodford88@bluehost.com,Male,186.226.133.161
298,Sansone,Petroulis,spetroulis89@comsenz.com,Male,15.102.19.206
299,Verena,Peckitt,vpeckitt8a@salon.com,Female,13.203.219.124
300,Milo,Kleinplatz,mkleinplatz8b@phpbb.com,Genderqueer,119.160.142.127
301,Eden,Keyse,ekeyse8c@eventbrite.com,Female,210.90.146.118
302,Freedman,Greger,fgreger8d@independent.co.uk,Male,165.59.46.49
303,Jackie,Stanyer,jstanyer8e@privacy.gov.au,Male,234.196.188.24
304,Arvie,Ibbeson,aibbeson8f@soup.io,Agender,39.201.51.86
305,Renado,Haversham,rhaversham8g@washingtonpost.com,Male,209.131.204.50
306,Benn,Dieton,bdieton8h@wikipedia.org,Male,34.90.20.250
307,Morten,Cadore,mcadore8i@a8.net,Polygender,181.67.230.13
308,Stuart,Jansen,sjansen8j@infoseek.co.jp,Male,187.58.15.32
309,Lammond,Presland,lpresland8k@google.co.uk,Male,60.86.103.224
310,Gavin,McQuarter,gmcquarter8l@sourceforge.net,Male,143.80.14.77
311,Lay,Aldrick,laldrick8m@fotki.com,Male,136.158.90.232
312,Vic,Dornin,vdornin8n@dailymail.co.uk,Male,232.174.201.132
313,Edlin,Vaughton,evaughton8o@wix.com,Male,23.42.92.7
314,Bradney,Ivanikhin,bivanikhin8p@washington.edu,Male,134.235.176.38
315,Gabi,Liptrot,gliptrot8q@istockphoto.com,Male,124.167.235.58
316,Leonerd,Joicey,ljoicey8r@ebay.com,Male,191.57.108.96
317,Hersh,Lyles,hlyles8s@npr.org,Male,214.183.191.30
318,Noelle,Bream,nbream8t@samsung.com,Female,191.217.234.5
319,Lee,Jendrys,ljendrys8u@gov.uk,Male,251.192.34.157
320,Georgy,Buffy,gbuffy8v@nature.com,Male,37.136.15.67
321,Felic,Fost,ffost8w@mlb.com,Male,15.53.222.154
322,Kaitlin,Coronas,kcoronas8x@sciencedaily.com,Female,34.137.53.138
323,Marian,Budnik,mbudnik8y@gizmodo.com,Female,68.169.216.137
324,Lazare,Cridge,lcridge8z@ebay.com,Male,156.190.64.250
325,Terence,Triggle,ttriggle90@amazon.com,Male,19.66.52.62
326,Marybeth,Gooke,mgooke91@biglobe.ne.jp,Female,208.228.39.121
327,Berny,Mulderrig,bmulderrig92@china.com.cn,Male,189.101.13.91
328,Wendell,Dolton,wdolton93@taobao.com,Male,220.246.26.26
329,Verne,Hallitt,vhallitt94@opensource.org,Male,135.25.168.169
330,Lawry,Gillatt,lgillatt95@etsy.com,Male,205.126.224.68
331,Mira,Hannum,mhannum96@mail.ru,Female,174.123.228.149
332,Jaymie,Sallier,jsallier97@apache.org,Male,187.56.171.195
333,Beitris,Sabberton,bsabberton98@quantcast.com,Female,167.29.248.231
334,Maurie,Coch,mcoch99@sogou.com,Male,217.32.13.247
335,Melisse,Spare,mspare9a@creativecommons.org,Female,137.222.185.144
336,Cassius,Gatecliff,cgatecliff9b@nasa.gov,Male,157.66.51.250
337,Christie,Pendle,cpendle9c@sakura.ne.jp,Male,145.146.197.194
338,Sisely,Corten,scorten9d@4shared.com,Female,51.85.41.185
339,Laryssa,Duffyn,lduffyn9e@lycos.com,Female,109.64.252.118
340,Donni,Gatus,dgatus9f@altervista.org,Female,33.151.238.252
341,Julio,Lamyman,jlamyman9g@aboutads.info,Male,254.131.157.89
342,Sibby,Byer,sbyer9h@economist.com,Female,235.82.221.147
343,Ardella,Grassot,agrassot9i@typepad.com,Genderfluid,85.127.162.175
344,Layton,Giacopello,lgiacopello9j@cyberchimps.com,Male,137.205.212.108
345,Tarah,Housiaux,thousiaux9k@google.ru,Female,72.178.249.183
346,Ollie,Hay,ohay9l@ehow.com,Female,232.148.247.119
347,Napoleon,Brigstock,nbrigstock9m@ucsd.edu,Male,85.72.65.77
348,Tana,Desseine,tdesseine9n@flavors.me,Female,25.130.99.126
349,Marney,Fenty,mfenty9o@cargocollective.com,Polygender,100.131.71.104
350,Osborne,Houndsom,ohoundsom9p@twitter.com,Male,22.36.147.222
351,Vaughn,Prattington,vprattington9q@addthis.com,Male,152.116.229.30
352,Ursola,Schohier,uschohier9r@bloglovin.com,Female,46.10.202.163
353,Derk,Lambertazzi,dlambertazzi9s@51.la,Male,248.39.13.252
354,Clive,Royds,croyds9t@ask.com,Male,245.32.131.139
355,Bren,Worthington,bworthington9u@jalbum.net,Male,249.224.148.67
356,Blythe,Kirkebye,bkirkebye9v@noaa.gov,Female,116.179.168.3
357,Bordie,Huthart,bhuthart9w@sphinn.com,Male,70.31.83.173
358,Johna,Padberry,jpadberry9x@sina.com.cn,Female,144.206.18.239
359,Carol-jean,Gow,cgow9y@cnn.com,Female,198.248.248.170
360,Garrek,Coaker,gcoaker9z@friendfeed.com,Male,77.25.90.65
361,Brooks,Shorthouse,bshorthousea0@cyberchimps.com,Female,134.252.133.125
362,Tobe,McKendo,tmckendoa1@wufoo.com,Male,253.91.22.172
363,Therese,Clerc,tclerca2@chicagotribune.com,Female,194.82.213.29
364,Ade,Kurten,akurtena3@vimeo.com,Genderfluid,124.23.225.254
365,Isabella,Nellis,inellisa4@yale.edu,Female,164.182.3.166
366,Lexis,Penelli,lpenellia5@wp.com,Polygender,150.42.153.22
367,Osgood,Shieber,oshiebera6@gravatar.com,Male,118.136.7.102
368,Richardo,Bridywater,rbridywatera7@apple.com,Male,231.12.163.181
369,Pammy,Olligan,polligana8@comcast.net,Female,224.41.231.161
370,Giraud,McCahey,gmccaheya9@earthlink.net,Male,164.178.83.175
371,Web,Plaistowe,wplaistoweaa@gizmodo.com,Male,146.211.154.115
372,Emmaline,Gallaher,egallaherab@phpbb.com,Female,231.193.34.203
373,Kesley,Tunnick,ktunnickac@usatoday.com,Female,67.195.149.212
374,Nehemiah,Gowler,ngowlerad@si.edu,Male,78.63.141.157
375,Tiffany,Spinozzi,tspinozziae@cbslocal.com,Female,64.194.130.253
376,Mae,Van Castele,mvancasteleaf@friendfeed.com,Non-binary,191.28.119.183
377,Barton,Millership,bmillershipag@wunderground.com,Male,199.204.114.71
378,Jessamyn,Beaven,jbeavenah@g.co,Female,155.164.228.57
379,Paulita,Endley,pendleyai@harvard.edu,Female,200.112.233.107
380,Tori,Ivasyushkin,tivasyushkinaj@bloomberg.com,Female,239.89.155.185
381,Scottie,Fermer,sfermerak@issuu.com,Male,125.19.219.20
382,Sanders,Radbourn,sradbournal@feedburner.com,Male,86.137.100.219
383,Arturo,Prevost,aprevostam@harvard.edu,Male,149.123.53.147
384,Merrel,Sidnall,msidnallan@imdb.com,Male,93.196.61.53
385,Roarke,Fruin,rfruinao@free.fr,Male,25.14.45.240
386,Malina,Wallis,mwallisap@sphinn.com,Female,236.155.224.182
387,Saunderson,Crewdson,screwdsonaq@mysql.com,Genderqueer,199.140.152.81
388,Mannie,Rachuig,mrachuigar@weibo.com,Male,168.143.123.1
389,Rogerio,Bromwich,rbromwichas@google.co.uk,Male,182.138.160.211
390,Dulci,Serris,dserrisat@nydailynews.com,Female,174.176.253.136
391,Lynea,Ghidetti,lghidettiau@angelfire.com,Female,96.101.81.22
392,Miran,Grahamslaw,mgrahamslawav@shutterfly.com,Female,105.252.208.169
393,Dedie,Hallyburton,dhallyburtonaw@meetup.com,Female,119.130.8.87
394,Rivi,Kirman,rkirmanax@xrea.com,Female,60.214.166.172
395,Armando,Clampe,aclampeay@aol.com,Male,136.80.192.143
396,Dyane,Graser,dgraseraz@epa.gov,Female,234.136.221.67
397,Hermia,Christescu,hchristescub0@bloglines.com,Genderqueer,171.29.168.253
398,Dorelia,Dahlback,ddahlbackb1@businessweek.com,Female,109.109.26.106
399,Briano,Gresswell,bgresswellb2@virginia.edu,Male,254.235.243.66
400,Brigitte,Clifforth,bclifforthb3@cafepress.com,Female,108.156.190.103
401,Dierdre,Verryan,dverryanb4@bigcartel.com,Female,62.26.111.180
402,Ezequiel,Sauniere,esauniereb5@goo.ne.jp,Male,252.86.222.221
403,Lavina,Pawlik,lpawlikb6@ibm.com,Female,136.189.198.114
404,Minda,Poli,mpolib7@yellowpages.com,Female,182.110.7.53
405,Sondra,Rohmer,srohmerb8@apache.org,Genderfluid,52.124.142.219
406,Neely,Garrod,ngarrodb9@prlog.org,Female,215.185.175.92
407,Aaron,Normant,anormantba@mozilla.org,Male,109.103.142.223
408,Kim,Lepope,klepopebb@gizmodo.com,Female,68.141.5.242
409,Tome,Mellenby,tmellenbybc@apple.com,Male,41.149.156.198
410,Lanni,Divine,ldivinebd@chicagotribune.com,Female,44.241.55.170
411,Brigid,Antognozzii,bantognozziibe@ucoz.ru,Female,87.192.14.64
412,Fae,MacTrustam,fmactrustambf@reference.com,Female,125.79.183.1
413,Fields,Cooney,fcooneybg@moonfruit.com,Male,64.147.160.35
414,Hedvig,Guidera,hguiderabh@yellowpages.com,Genderfluid,169.156.117.156
415,Marketa,Cliburn,mcliburnbi@slate.com,Female,23.53.2.96
416,Esteban,Bavridge,ebavridgebj@scribd.com,Male,64.228.115.1
417,Lenee,Stairmond,lstairmondbk@canalblog.com,Female,177.211.227.4
418,Eada,Tickner,eticknerbl@usnews.com,Female,124.54.134.194
419,Junie,Obee,jobeebm@state.tx.us,Female,70.224.56.93
420,Clem,Biesinger,cbiesingerbn@dion.ne.jp,Male,168.2.174.162
421,Elton,Sanbroke,esanbrokebo@vkontakte.ru,Male,124.151.43.98
422,Archer,Guppie,aguppiebp@uiuc.edu,Male,152.178.238.177
423,Madison,Piddington,mpiddingtonbq@economist.com,Male,51.83.17.111
424,Kirbee,Snap,ksnapbr@tripadvisor.com,Genderqueer,181.2.152.209
425,Fred,Cheesworth,fcheesworthbs@miitbeian.gov.cn,Male,182.225.11.243
426,Sydelle,Maddox,smaddoxbt@smh.com.au,Female,46.204.196.133
427,Johnette,Philippeaux,jphilippeauxbu@symantec.com,Genderqueer,91.165.185.185
428,Dyann,Ipsley,dipsleybv@cornell.edu,Genderqueer,247.60.104.194
429,Claire,Goney,cgoneybw@nydailynews.com,Male,93.183.212.218
430,Kali,Townsend,ktownsendbx@elegantthemes.com,Female,3.249.17.6
431,Ase,Mehmet,amehmetby@vkontakte.ru,Male,28.13.2.161
432,Rosamond,Jeratt,rjerattbz@washington.edu,Female,87.250.5.158
433,Rana,McQuarter,rmcquarterc0@arizona.edu,Female,155.108.128.250
434,Amaleta,Di Biaggi,adibiaggic1@icio.us,Female,47.45.124.192
435,Benedick,Dulake,bdulakec2@pen.io,Male,48.236.26.219
436,Araldo,Cattermoul,acattermoulc3@toplist.cz,Male,168.248.177.22
437,Jervis,Gourdon,jgourdonc4@mayoclinic.com,Male,114.66.101.103
438,Boniface,Vanyard,bvanyardc5@google.co.uk,Male,41.193.191.85
439,Lorie,Wonfar,lwonfarc6@cyberchimps.com,Female,4.60.118.146
440,Astrid,Lindman,alindmanc7@auda.org.au,Female,56.251.152.134
441,Everard,Gobell,egobellc8@ezinearticles.com,Agender,184.201.16.111
442,Bride,Chappell,bchappellc9@bloomberg.com,Female,203.27.48.174
443,Tomasine,Gibke,tgibkeca@wordpress.com,Genderfluid,23.234.224.57
444,Graeme,Eilhertsen,geilhertsencb@csmonitor.com,Male,153.224.239.101
445,Tiffani,Brewett,tbrewettcc@imdb.com,Female,181.144.87.240
446,Dix,Baxstare,dbaxstarecd@issuu.com,Female,188.254.253.150
447,Anatola,Hold,aholdce@1688.com,Female,183.159.184.219
448,Sabrina,Lints,slintscf@hhs.gov,Female,70.145.109.136
449,Lynsey,Pember,lpembercg@fema.gov,Non-binary,88.208.141.22
450,Jecho,McLukie,jmclukiech@tamu.edu,Male,40.166.67.188
451,Ella,Laudham,elaudhamci@berkeley.edu,Female,229.221.124.23
452,Fern,Brambley,fbrambleycj@state.tx.us,Female,148.235.173.195
453,Elsinore,Izaac,eizaacck@storify.com,Female,132.250.215.172
454,Grete,Giacoppoli,ggiacoppolicl@wufoo.com,Female,235.0.32.199
455,Gino,Vertey,gverteycm@mit.edu,Male,233.58.47.136
456,Perceval,Szreter,pszretercn@yandex.ru,Male,255.135.13.150
457,Tersina,Paulig,tpauligco@yellowpages.com,Female,115.77.151.168
458,Adolphe,Alabone,aalabonecp@washington.edu,Male,206.59.131.242
459,Sarena,Fogt,sfogtcq@facebook.com,Female,211.69.156.149
460,Eloise,Geertsen,egeertsencr@cbslocal.com,Female,104.2.196.17
461,Daffie,Yorath,dyorathcs@livejournal.com,Female,128.56.205.14
462,Colline,Silmon,csilmonct@oakley.com,Female,27.247.169.36
463,Vic,Tendahl,vtendahlcu@marriott.com,Male,88.52.199.201
464,Kimbell,Ronchi,kronchicv@narod.ru,Male,219.77.38.182
465,Rubin,Gerson,rgersoncw@purevolume.com,Genderqueer,72.103.226.110
466,Marleah,McBrearty,mmcbreartycx@economist.com,Female,151.15.28.30
467,Kele,Creed,kcreedcy@e-recht24.de,Male,124.242.214.183
468,Sarina,Littledyke,slittledykecz@chicagotribune.com,Female,138.61.65.175
469,Aeriell,Galle,agalled0@booking.com,Female,127.221.254.144
470,Massimo,Cantillion,mcantilliond1@nydailynews.com,Male,124.173.51.112
471,Rudolph,McPaike,rmcpaiked2@about.com,Male,208.78.106.99
472,Archibold,Sarra,asarrad3@cam.ac.uk,Male,95.126.119.164
473,Pat,Brayfield,pbrayfieldd4@pagesperso-orange.fr,Female,95.240.243.233
474,Hobie,Evangelinos,hevangelinosd5@nytimes.com,Polygender,156.201.206.93
475,Salome,Delos,sdelosd6@nationalgeographic.com,Female,42.203.3.125
476,Kacy,Schubbert,kschubbertd7@yandex.ru,Female,124.219.10.253
477,Noell,Hegge,nhegged8@businessinsider.com,Female,124.175.92.39
478,Elbertine,Judkins,ejudkinsd9@mediafire.com,Female,185.168.52.130
479,Vasily,Sarle,vsarleda@angelfire.com,Male,60.76.83.4
480,Ashley,Cordle,acordledb@biblegateway.com,Male,131.82.167.84
481,Danila,Wallentin,dwallentindc@parallels.com,Female,141.26.240.114
482,Odele,Pinkney,opinkneydd@tiny.cc,Female,14.97.100.91
483,Bambi,Antosch,bantoschde@printfriendly.com,Female,146.55.41.217
484,Olenka,Bedenham,obedenhamdf@cbsnews.com,Female,61.236.137.8
485,Skipton,Kopacek,skopacekdg@zimbio.com,Male,83.5.35.43
486,Lilas,Holtum,lholtumdh@accuweather.com,Female,170.209.12.42
487,Anne-marie,Folliss,afollissdi@cyberchimps.com,Agender,8.23.116.177
488,Loella,Maccaddie,lmaccaddiedj@illinois.edu,Female,89.77.100.96
489,Ulrica,Etheredge,uetheredgedk@yale.edu,Bigender,192.79.50.224
490,Janis,Goodwell,jgoodwelldl@xing.com,Female,191.132.72.55
491,Fin,Penchen,fpenchendm@unblog.fr,Male,120.179.209.163
492,Nicol,O'Coskerry,nocoskerrydn@ihg.com,Male,254.96.154.55
493,Peterus,Gaffer,pgafferdo@ow.ly,Male,118.46.235.41
494,Gweneth,Harget,ghargetdp@blogs.com,Female,212.124.232.77
495,Olympie,Milliere,omillieredq@comsenz.com,Female,97.181.31.28
496,Adelina,Roussel,arousseldr@fc2.com,Female,195.55.217.66
497,Katha,Caldayrou,kcaldayrouds@soup.io,Female,58.74.166.36
498,Mercy,Henricsson,mhenricssondt@yelp.com,Female,51.236.54.251
499,Tracey,Pegram,tpegramdu@va.gov,Female,191.12.201.191
500,Onida,Kamiyama,okamiyamadv@biblegateway.com,Genderqueer,111.21.149.73
501,Hans,Hawley,hhawleydw@blog.com,Male,14.110.227.196
502,Ulick,Ghidetti,ughidettidx@shinystat.com,Male,96.109.46.155
503,Hillard,Ingall,hingalldy@statcounter.com,Male,68.149.28.48
504,Regan,Denham,rdenhamdz@flavors.me,Female,219.8.251.215
505,Lanni,Bulbrook,lbulbrooke0@fda.gov,Female,78.83.10.67
506,Hildegaard,Chellenham,hchellenhame1@odnoklassniki.ru,Female,184.20.212.15
507,Padgett,Geely,pgeelye2@furl.net,Bigender,176.143.99.14
508,Isahella,Bruyntjes,ibruyntjese3@nps.gov,Female,214.66.61.207
509,Ragnar,Klimp,rklimpe4@mlb.com,Male,202.223.218.30
510,Benedetto,Mehmet,bmehmete5@cyberchimps.com,Male,186.74.222.44
511,Grata,Bolgar,gbolgare6@jugem.jp,Female,187.131.21.146
512,Bambi,Renbold,brenbolde7@jimdo.com,Female,193.202.62.94
513,Bartolemo,Picopp,bpicoppe8@google.ca,Male,55.49.30.250
514,Lonnie,McGeechan,lmcgeechane9@a8.net,Male,242.177.42.244
515,Findlay,Grigorio,fgrigorioea@lulu.com,Male,254.11.104.4
516,Emelina,Evenett,eevenetteb@paypal.com,Female,187.150.107.167
517,Osbourn,McCrainor,omccrainorec@mail.ru,Male,65.157.64.252
518,Katlin,Odom,kodomed@sogou.com,Female,122.205.169.31
519,Elsinore,Sandes,esandesee@exblog.jp,Female,232.241.53.133
520,Lori,Lounds,lloundsef@wiley.com,Agender,59.235.91.239
521,Filbert,McGrady,fmcgradyeg@tripadvisor.com,Male,226.117.102.104
522,Dani,Harrod,dharrodeh@pagesperso-orange.fr,Female,204.220.250.209
523,Alisun,Lorenz,alorenzei@wordpress.com,Female,194.106.66.162
524,Andros,Cast,acastej@canalblog.com,Male,63.216.211.202
525,Margret,Wakley,mwakleyek@pcworld.com,Female,74.49.98.47
526,Orazio,Baseley,obaseleyel@nydailynews.com,Genderfluid,43.64.119.79
527,Hogan,Mochan,hmochanem@nih.gov,Male,195.246.6.51
528,Orsola,McCardle,omccardleen@bigcartel.com,Female,70.41.211.128
529,Bernard,Tenney,btenneyeo@biglobe.ne.jp,Male,123.14.8.247
530,Lois,Corbridge,lcorbridgeep@wikimedia.org,Female,112.155.25.250
531,Stephi,Surgison,ssurgisoneq@ca.gov,Female,13.154.57.196
532,Vyky,Parfitt,vparfitter@bing.com,Female,185.1.123.53
533,Leia,Benne,lbennees@youtu.be,Female,192.227.2.49
534,Winny,Zmitrichenko,wzmitrichenkoet@cargocollective.com,Male,14.175.145.91
535,Ardith,Locksley,alocksleyeu@virginia.edu,Non-binary,253.23.254.154
536,Sollie,Calan,scalanev@domainmarket.com,Male,159.92.249.248
537,Cecil,Barniss,cbarnissew@google.fr,Male,25.10.34.59
538,Honey,Epinoy,hepinoyex@deviantart.com,Female,214.79.209.110
539,Cordie,Gaylor,cgaylorey@friendfeed.com,Male,95.175.50.37
540,Caye,Licciardo,clicciardoez@dagondesign.com,Female,158.139.115.181
541,Willi,Baack,wbaackf0@stanford.edu,Male,233.41.52.209
542,Tally,Yate,tyatef1@ed.gov,Female,85.149.44.75
543,Barth,Pechold,bpecholdf2@scribd.com,Male,253.139.101.14
544,Rutger,Durrett,rdurrettf3@xing.com,Male,136.204.165.54
545,Demeter,Marquot,dmarquotf4@marketwatch.com,Female,146.80.182.205
546,Fleur,Pohlke,fpohlkef5@cdc.gov,Genderqueer,12.106.53.116
547,Irena,Boeck,iboeckf6@squarespace.com,Female,153.12.174.156
548,Lewes,Verdun,lverdunf7@g.co,Agender,121.243.57.4
549,Neysa,Bottrell,nbottrellf8@ezinearticles.com,Female,233.100.96.191
550,Clare,Watling,cwatlingf9@surveymonkey.com,Female,202.6.21.134
551,Thornton,McMeyler,tmcmeylerfa@prnewswire.com,Male,224.246.5.155
552,Clovis,Molan,cmolanfb@unicef.org,Female,104.149.144.30
553,Rainer,Pollen,rpollenfc@furl.net,Male,9.200.221.67
554,Dar,Moyce,dmoycefd@reddit.com,Male,117.94.130.90
555,Lianna,Nuccitelli,lnuccitellife@usgs.gov,Female,145.216.3.71
556,Milissent,Siely,msielyff@rediff.com,Female,24.197.238.188
557,Bernelle,Robardey,brobardeyfg@marketwatch.com,Female,141.83.105.31
558,Sigismond,Stanbrooke,sstanbrookefh@yale.edu,Male,37.16.3.46
559,Tedi,Gimblett,tgimblettfi@huffingtonpost.com,Female,19.118.63.120
560,Sydney,Frood,sfroodfj@cbslocal.com,Male,10.83.64.115
561,Dorena,Criple,dcriplefk@purevolume.com,Female,46.55.126.79
562,Berkie,Liles,blilesfl@si.edu,Male,247.136.39.59
563,Trina,Struijs,tstruijsfm@godaddy.com,Female,85.102.96.71
564,Giacobo,Topes,gtopesfn@ed.gov,Male,189.169.57.154
565,Bertine,Trayton,btraytonfo@ustream.tv,Female,101.92.170.206
566,Osmond,Cyphus,ocyphusfp@cnn.com,Male,203.104.33.49
567,Quintilla,Purkins,qpurkinsfq@timesonline.co.uk,Female,146.152.72.167
568,Verla,Cramb,vcrambfr@hugedomains.com,Female,69.212.107.81
569,Chelsae,Vidineev,cvidineevfs@prnewswire.com,Female,236.193.148.22
570,Seumas,Richardt,srichardtft@washingtonpost.com,Male,57.98.82.243
571,Anabella,MacGauhy,amacgauhyfu@va.gov,Female,18.13.177.114
572,Clair,Oguz,coguzfv@wikipedia.org,Male,156.244.112.116
573,Lilas,Guion,lguionfw@scientificamerican.com,Agender,170.147.218.47
574,Kathi,McGrey,kmcgreyfx@mlb.com,Female,71.85.98.29
575,Gizela,Muggleston,gmugglestonfy@hc360.com,Female,188.172.179.159
576,Riobard,Lacroux,rlacrouxfz@wikipedia.org,Male,191.208.24.69
577,Pammie,Shearstone,pshearstoneg0@ibm.com,Female,144.111.205.222
578,Nicolina,Snowman,nsnowmang1@umn.edu,Female,6.125.237.145
579,Rick,Sperry,rsperryg2@disqus.com,Male,84.190.78.177
580,Raimund,Summerrell,rsummerrellg3@mysql.com,Male,59.106.13.193
581,Gayla,Pattie,gpattieg4@google.it,Female,51.204.33.62
582,Gay,Dybald,gdybaldg5@trellian.com,Female,35.21.224.155
583,Paulina,Pikesley,ppikesleyg6@virginia.edu,Female,126.232.6.2
584,Tadeas,Enderson,tendersong7@printfriendly.com,Genderfluid,148.141.48.13
585,Leroi,Evans,levansg8@weebly.com,Male,217.199.221.209
586,Fawne,Decayette,fdecayetteg9@addtoany.com,Female,102.224.141.17
587,Elisabetta,Kick,ekickga@reference.com,Female,66.136.35.132
588,Maxi,Drexel,mdrexelgb@vistaprint.com,Female,122.71.144.140
589,Ansley,Mirams,amiramsgc@desdev.cn,Female,125.181.240.192
590,Junia,VanBrugh,jvanbrughgd@woothemes.com,Female,161.239.210.219
591,Jennie,Ingon,jingonge@cloudflare.com,Genderfluid,71.225.48.127
592,Mariquilla,Simonetto,msimonettogf@jigsy.com,Female,60.204.72.84
593,Ave,Najara,anajaragg@google.com,Male,232.182.229.42
594,Ward,Rodmell,wrodmellgh@trellian.com,Male,129.110.214.108
595,Prent,Burchmore,pburchmoregi@constantcontact.com,Male,238.58.130.18
596,Emmett,Arter,eartergj@netlog.com,Male,44.42.138.29
597,Kilian,MacAlester,kmacalestergk@ca.gov,Male,114.224.73.230
598,Russ,Stellin,rstellingl@edublogs.org,Male,28.207.116.248
599,Rosamund,Monk,rmonkgm@geocities.com,Non-binary,112.149.87.246
600,Cosetta,MacCarter,cmaccartergn@hatena.ne.jp,Female,151.136.185.80
601,Karilynn,Eastbrook,keastbrookgo@ed.gov,Female,110.138.79.220
602,Corilla,Fonquernie,cfonquerniegp@china.com.cn,Female,144.176.111.122
603,Humfrid,Herculson,hherculsongq@google.nl,Male,95.10.77.132
604,Elli,Pierton,epiertongr@archive.org,Female,77.158.235.125
605,Queenie,Saull,qsaullgs@huffingtonpost.com,Female,23.219.152.63
606,Libbi,Sandilands,lsandilandsgt@wsj.com,Female,4.239.109.220
607,Cynthea,Swaffer,cswaffergu@constantcontact.com,Female,216.247.252.126
608,Neville,Grievson,ngrievsongv@hatena.ne.jp,Male,85.151.169.5
609,Di,Aguilar,daguilargw@sina.com.cn,Female,37.153.109.130
610,Cullin,Crownshaw,ccrownshawgx@ovh.net,Male,89.37.248.152
611,Janette,Varren,jvarrengy@cocolog-nifty.com,Female,26.125.118.89
612,Nikoletta,Benoy,nbenoygz@yandex.ru,Genderqueer,140.54.112.222
613,Sauncho,Edlin,sedlinh0@a8.net,Male,233.140.90.18
614,Pernell,Woodger,pwoodgerh1@umich.edu,Male,169.44.55.96
615,Paige,Roebuck,proebuckh2@cocolog-nifty.com,Female,102.38.75.109
616,Gonzalo,Daily,gdailyh3@lycos.com,Male,197.88.116.121
617,Olenka,Ruffli,orufflih4@theguardian.com,Female,73.156.65.64
618,Lorri,Gowry,lgowryh5@zdnet.com,Female,209.178.119.202
619,Rabbi,Whetson,rwhetsonh6@cnbc.com,Male,222.52.193.64
620,Edan,Rosenfarb,erosenfarbh7@cdc.gov,Male,125.81.118.226
621,Richard,Lehrmann,rlehrmannh8@nymag.com,Male,107.97.70.86
622,Kelbee,Hamal,khamalh9@buzzfeed.com,Male,190.113.47.215
623,Constance,Dolman,cdolmanha@intel.com,Female,231.244.44.95
624,Catriona,Beeho,cbeehohb@sbwire.com,Female,252.111.124.72
625,Allayne,Frazier,afrazierhc@prlog.org,Polygender,237.128.230.136
626,Peirce,Sansom,psansomhd@com.com,Male,91.183.184.152
627,Keenan,Perris,kperrishe@house.gov,Male,86.111.164.0
628,Alick,Bohman,abohmanhf@cdbaby.com,Agender,250.25.78.55
629,Gilles,Cuolahan,gcuolahanhg@elegantthemes.com,Male,24.77.103.190
630,Ida,Pavia,ipaviahh@timesonline.co.uk,Female,13.150.121.20
631,Holly,Rockall,hrockallhi@engadget.com,Male,145.56.83.27
632,Nathalia,Grollmann,ngrollmannhj@istockphoto.com,Female,108.129.116.249
633,Rae,Heeley,rheeleyhk@wunderground.com,Female,28.72.167.239
634,Hyacinthia,Bream,hbreamhl@addthis.com,Female,194.89.203.73
635,Ruby,Vicent,rvicenthm@admin.ch,Male,203.152.109.150
636,Malena,Lightman,mlightmanhn@sciencedaily.com,Female,10.118.252.129
637,Sela,Mc Caughen,smccaughenho@nature.com,Female,129.244.31.250
638,Brendin,Allaker,ballakerhp@huffingtonpost.com,Male,156.59.246.46
639,Wallie,Lythgoe,wlythgoehq@senate.gov,Genderqueer,161.215.95.76
640,Sherilyn,Cadman,scadmanhr@tripod.com,Genderqueer,16.71.160.189
641,Ruperta,Coda,rcodahs@mac.com,Female,136.95.102.91
642,Richard,Hughill,rhughillht@geocities.jp,Male,131.94.114.42
643,Ferdy,Glasgow,fglasgowhu@ning.com,Male,56.174.53.242
644,Josi,Vernall,jvernallhv@ovh.net,Non-binary,169.47.124.165
645,Virge,Ballintime,vballintimehw@webnode.com,Male,137.190.18.219
646,Romonda,Chesterfield,rchesterfieldhx@indiegogo.com,Female,132.146.89.31
647,Nina,Haversham,nhavershamhy@parallels.com,Female,83.145.91.233
648,Kath,Aberdeen,kaberdeenhz@liveinternet.ru,Female,85.233.175.98
649,Brittne,Seville,bsevillei0@bandcamp.com,Female,85.160.1.111
650,Newton,O'Loughane,noloughanei1@addthis.com,Male,174.75.102.232
651,Nadeen,Dresser,ndresseri2@google.ca,Female,210.131.104.1
652,Casey,Drabble,cdrabblei3@google.co.uk,Male,62.23.200.55
653,Leanora,Byatt,lbyatti4@cafepress.com,Female,251.118.243.227
654,Ced,Schops,cschopsi5@europa.eu,Genderfluid,42.80.150.28
655,Linea,Di Napoli,ldinapolii6@weather.com,Female,111.255.94.153
656,Amelina,Gotmann,agotmanni7@digg.com,Female,57.37.128.128
657,Denney,Reeme,dreemei8@bandcamp.com,Male,184.59.1.236
658,Gabi,Shefton,gsheftoni9@thetimes.co.uk,Female,149.27.137.242
659,Worth,Chesterman,wchestermania@harvard.edu,Male,226.35.170.88
660,Harold,Casiero,hcasieroib@com.com,Male,112.240.216.160
661,Zebedee,Broxton,zbroxtonic@tripod.com,Male,193.123.127.8
662,Ula,Winkworth,uwinkworthid@globo.com,Female,162.100.57.255
663,Laurella,Antognoni,lantognoniie@si.edu,Female,158.128.126.212
664,Courtney,Emanuelli,cemanuelliif@jugem.jp,Female,233.122.179.15
665,Neil,Foulis,nfoulisig@auda.org.au,Male,73.73.219.7
666,Fin,Hanretty,fhanrettyih@accuweather.com,Male,235.45.99.152
667,Arch,Greenhall,agreenhallii@trellian.com,Male,164.137.249.120
668,Towney,Larn,tlarnij@histats.com,Male,231.76.210.214
669,Laird,Corpe,lcorpeik@google.nl,Male,215.62.180.252
670,Marla,Vittel,mvittelil@archive.org,Female,39.105.164.170
671,Enriqueta,Carletti,ecarlettiim@jigsy.com,Female,88.77.54.134
672,Zacharias,Spirit,zspiritin@reuters.com,Male,243.244.5.244
673,Carce,Avrasin,cavrasinio@scientificamerican.com,Male,145.66.115.34
674,Daryl,Crambie,dcrambieip@t-online.de,Male,131.137.146.62
675,Genovera,Scrace,gscraceiq@wiley.com,Female,229.223.18.105
676,Almira,Arnow,aarnowir@loc.gov,Female,249.84.66.60
677,Si,Whannel,swhannelis@washington.edu,Male,198.35.148.232
678,Dermot,Haberjam,dhaberjamit@sciencedaily.com,Male,240.226.167.243
679,Lisha,Clemens,lclemensiu@ihg.com,Female,50.191.246.38
680,Evelina,Weildish,eweildishiv@prnewswire.com,Female,56.105.100.252
681,Rafaelia,Lammertz,rlammertziw@abc.net.au,Female,189.40.138.209
682,Iolanthe,Sloper,isloperix@typepad.com,Agender,2.224.105.162
683,Aretha,Balser,abalseriy@geocities.jp,Female,88.244.195.5
684,Bryn,Mucci,bmucciiz@ehow.com,Genderfluid,173.233.173.185
685,Karoly,Tupie,ktupiej0@miitbeian.gov.cn,Female,54.138.170.177
686,Arthur,Westwater,awestwaterj1@trellian.com,Male,110.77.43.35
687,Sammie,Limpkin,slimpkinj2@sciencedirect.com,Male,204.83.56.156
688,Vale,Saby,vsabyj3@hud.gov,Female,179.224.94.226
689,Tonie,Maxfield,tmaxfieldj4@nps.gov,Female,229.67.9.94
690,Franny,Cruft,fcruftj5@wiley.com,Male,14.25.137.216
691,Jimmy,Guyers,jguyersj6@walmart.com,Male,15.105.59.137
692,Fawn,Corking,fcorkingj7@hexun.com,Female,43.126.29.66
693,Zechariah,Chue,zchuej8@house.gov,Male,25.209.119.59
694,Ruperto,Pick,rpickj9@domainmarket.com,Male,13.39.252.181
695,Bald,MacColl,bmaccollja@vinaora.com,Male,35.172.151.158
696,Gilbertine,Gannicleff,ggannicleffjb@google.cn,Female,209.221.164.232
697,Link,Lequeux,llequeuxjc@netlog.com,Male,64.131.145.211
698,Reilly,Mounter,rmounterjd@jalbum.net,Male,212.80.197.204
699,Marylynne,Rubinek,mrubinekje@fotki.com,Female,99.164.96.184
700,Barbe,Dodman,bdodmanjf@flickr.com,Genderqueer,162.192.40.107
701,Garey,L'Amie,glamiejg@tiny.cc,Male,45.217.84.69
702,Valentijn,Palley,vpalleyjh@blogger.com,Male,33.8.52.18
703,Marline,Longmaid,mlongmaidji@ifeng.com,Female,173.243.38.155
704,Odie,Spearing,ospearingjj@shutterfly.com,Male,25.113.235.146
705,Heidie,Wahner,hwahnerjk@issuu.com,Female,43.199.188.233
706,Ava,Hallett,ahallettjl@pcworld.com,Female,39.115.136.125
707,Engelbert,MacCafferky,emaccafferkyjm@twitter.com,Male,74.154.13.62
708,Jaquith,Mogg,jmoggjn@pagesperso-orange.fr,Female,113.38.31.158
709,Cecilio,Rutherford,crutherfordjo@parallels.com,Male,103.3.48.176
710,Bernie,D'Emanuele,bdemanuelejp@last.fm,Female,177.207.118.225
711,Sabine,Darque,sdarquejq@github.io,Female,169.245.165.221
712,Sandro,Tracey,straceyjr@google.co.jp,Male,183.180.254.140
713,Valencia,Saggers,vsaggersjs@domainmarket.com,Female,183.97.65.48
714,Selene,Sullivan,ssullivanjt@apple.com,Female,198.2.123.125
715,Zachariah,Mulloch,zmullochju@hatena.ne.jp,Male,78.154.23.79
716,Paola,Calverley,pcalverleyjv@ox.ac.uk,Female,242.127.107.220
717,Onida,Vaissiere,ovaissierejw@sogou.com,Female,170.153.10.219
718,Kiele,Madeley,kmadeleyjx@vinaora.com,Female,181.217.235.50
719,Appolonia,Henrionot,ahenrionotjy@ftc.gov,Female,167.4.199.56
720,Vallie,Kirkebye,vkirkebyejz@de.vu,Genderfluid,226.220.141.127
721,Lexy,Dielhenn,ldielhennk0@1688.com,Female,39.122.145.245
722,Philbert,Landeaux,plandeauxk1@ftc.gov,Male,241.228.119.111
723,Kiersten,Boler,kbolerk2@rambler.ru,Female,55.240.84.137
724,Sella,Kinsey,skinseyk3@miibeian.gov.cn,Non-binary,27.185.29.41
725,Randolf,Coulthard,rcoulthardk4@psu.edu,Non-binary,212.47.140.184
726,Shaine,Oulet,souletk5@redcross.org,Male,20.228.104.76
727,Ira,Byrd,ibyrdk6@nbcnews.com,Female,100.77.19.90
728,Beryl,Hudghton,bhudghtonk7@yandex.ru,Female,87.115.179.46
729,Lizbeth,Carlsson,lcarlssonk8@goodreads.com,Female,107.156.175.150
730,Elyssa,Hane,ehanek9@dion.ne.jp,Female,77.246.14.229
731,Ally,Saile,asaileka@sciencedaily.com,Female,62.71.31.151
732,Ermina,Paolino,epaolinokb@phpbb.com,Female,244.18.164.241
733,Belvia,Maseres,bmasereskc@privacy.gov.au,Female,70.86.2.109
734,Vanni,Anneslie,vannesliekd@xing.com,Female,52.89.44.118
735,Wayland,Watting,wwattingke@wufoo.com,Male,179.1.109.244
736,Nelli,Barabich,nbarabichkf@yandex.ru,Female,17.164.19.40
737,Celina,King,ckingkg@ebay.co.uk,Female,165.62.127.115
738,Pen,Grimmer,pgrimmerkh@live.com,Female,174.17.68.248
739,Kasper,Kerbler,kkerblerki@shareasale.com,Male,82.33.115.145
740,Tami,Hammand,thammandkj@printfriendly.com,Female,231.163.45.74
741,Ellis,Kuzma,ekuzmakk@gov.uk,Male,120.219.204.201
742,Nikita,Winsley,nwinsleykl@irs.gov,Male,91.142.60.194
743,Natalee,Leggon,nleggonkm@shinystat.com,Female,11.177.133.226
744,Ardys,Nowakowska,anowakowskakn@posterous.com,Female,249.110.142.251
745,Helsa,Bustin,hbustinko@craigslist.org,Female,233.119.55.238
746,Horton,Cloney,hcloneykp@cbc.ca,Male,49.151.126.49
747,Obed,Westpfel,owestpfelkq@washingtonpost.com,Male,139.75.85.12
748,Bethina,Cleary,bclearykr@sbwire.com,Female,144.98.149.223
749,Merrill,Pilipets,mpilipetsks@nifty.com,Male,218.49.255.109
750,Othilie,Ramm,orammkt@wunderground.com,Female,107.43.54.98
751,Forster,Podmore,fpodmoreku@alexa.com,Male,215.194.22.229
752,Prentice,Chezier,pchezierkv@t.co,Male,212.37.122.97
753,Ingra,Gurys,iguryskw@sun.com,Male,0.74.205.6
754,Bradney,Hiskey,bhiskeykx@sbwire.com,Male,123.6.182.49
755,Sandy,McMorran,smcmorranky@ucoz.ru,Male,117.177.54.76
756,Aubine,Jamson,ajamsonkz@senate.gov,Agender,39.5.116.36
757,Bram,Durno,bdurnol0@yahoo.com,Male,102.121.46.136
758,Aubrie,Gerin,agerinl1@quantcast.com,Female,87.213.39.74
759,Artemas,Pulteneye,apulteneyel2@hc360.com,Male,122.244.223.200
760,Boycey,Mowbury,bmowburyl3@auda.org.au,Male,33.62.254.46
761,Sheela,Grinaugh,sgrinaughl4@nydailynews.com,Female,126.235.88.21
762,Sampson,Donovin,sdonovinl5@who.int,Male,170.236.19.90
763,Cordey,Tournie,ctourniel6@timesonline.co.uk,Female,146.26.57.41
764,Mannie,Duncombe,mduncombel7@reverbnation.com,Male,206.46.205.72
765,Augy,Beinke,abeinkel8@cargocollective.com,Male,38.171.204.55
766,Adriano,Crush,acrushl9@huffingtonpost.com,Male,178.5.156.85
767,Bailie,Reddihough,breddihoughla@discovery.com,Male,161.254.44.44
768,Stearn,Spurrett,sspurrettlb@mozilla.com,Male,126.97.40.169
769,Tarrance,Fawkes,tfawkeslc@mapquest.com,Male,25.224.37.195
770,Mariska,Ferns,mfernsld@g.co,Female,97.56.54.226
771,Tonie,Cristofaro,tcristofarole@about.me,Female,11.214.250.251
772,Rupert,Yurkevich,ryurkevichlf@apple.com,Male,79.99.173.56
773,Carlin,Selborne,cselbornelg@alexa.com,Female,4.35.7.120
774,Gustavus,Rotge,grotgelh@example.com,Male,10.18.0.94
775,Norah,Daber,ndaberli@seattletimes.com,Female,237.110.63.118
776,Henriette,Voak,hvoaklj@studiopress.com,Genderfluid,113.97.189.47
777,Ellery,Hazard,ehazardlk@tiny.cc,Male,254.208.106.118
778,Malvin,Scarlet,mscarletll@privacy.gov.au,Male,244.114.152.169
779,Burtie,Trinder,btrinderlm@pcworld.com,Male,24.87.224.141
780,Lark,Raynham,lraynhamln@un.org,Female,136.110.163.229
781,Rebecca,Dunsmuir,rdunsmuirlo@uiuc.edu,Female,100.155.52.201
782,Merwin,Francesco,mfrancescolp@tinypic.com,Male,17.68.168.10
783,Shurwood,Belcher,sbelcherlq@salon.com,Male,219.102.199.88
784,Micheal,Losemann,mlosemannlr@myspace.com,Male,162.165.126.208
785,Garner,Fitchett,gfitchettls@bluehost.com,Male,210.3.92.117
786,Nettie,Yushankin,nyushankinlt@mtv.com,Female,71.239.141.41
787,Valentia,Espinoza,vespinozalu@bluehost.com,Female,97.236.134.175
788,Samara,Cleghorn,scleghornlv@so-net.ne.jp,Female,214.197.253.165
789,Trixie,Sleaford,tsleafordlw@so-net.ne.jp,Female,77.218.56.190
790,Winfred,Tollow,wtollowlx@foxnews.com,Male,13.82.234.209
791,Verna,Bleacher,vbleacherly@4shared.com,Female,114.142.136.98
792,Melisse,Jakubovitch,mjakubovitchlz@addtoany.com,Female,39.21.213.241
793,Carleton,Timny,ctimnym0@wikispaces.com,Male,94.22.29.43
794,Dulcea,Bodicam,dbodicamm1@ameblo.jp,Female,33.73.56.107
795,Kathlin,Oneill,koneillm2@ezinearticles.com,Agender,82.49.110.252
796,Meier,Readwing,mreadwingm3@usda.gov,Polygender,201.178.86.11
797,Gilbertine,Atyeo,gatyeom4@163.com,Female,232.96.134.253
798,Olympia,Sor,osorm5@ftc.gov,Female,13.61.87.117
799,Lynn,Archbould,larchbouldm6@yale.edu,Male,40.49.210.27
800,Niall,Karleman,nkarlemanm7@bing.com,Male,222.123.14.94
801,Cos,Hendrix,chendrixm8@seattletimes.com,Bigender,119.160.145.81
802,Scott,Longbottom,slongbottomm9@domainmarket.com,Male,140.208.36.227
803,Terri,Busse,tbussema@moonfruit.com,Polygender,199.198.199.47
804,Donal,Brach,dbrachmb@marriott.com,Male,3.16.104.187
805,Grange,Wimpey,gwimpeymc@latimes.com,Male,37.5.86.201
806,Wadsworth,Brothwood,wbrothwoodmd@shareasale.com,Male,175.125.169.173
807,Cortie,Shackle,cshackleme@vkontakte.ru,Genderqueer,169.41.166.222
808,Curt,Ingles,cinglesmf@washingtonpost.com,Male,161.2.178.203
809,Hurlee,Gaywood,hgaywoodmg@skyrock.com,Male,105.7.48.43
810,Maris,Watford,mwatfordmh@cpanel.net,Female,71.21.22.58
811,Jilli,Delacourt,jdelacourtmi@va.gov,Female,43.233.214.146
812,Adorne,Myner,amynermj@spiegel.de,Female,178.200.216.161
813,Alexandr,Littleton,alittletonmk@virginia.edu,Non-binary,236.218.65.108
814,Emory,Oriel,eorielml@cbc.ca,Polygender,227.251.48.152
815,Claudio,Tonbye,ctonbyemm@umich.edu,Male,4.160.77.148
816,Hilary,Hedney,hhedneymn@microsoft.com,Bigender,232.243.12.40
817,Rosella,Ewbach,rewbachmo@upenn.edu,Female,189.131.188.154
818,Hillyer,Burgess,hburgessmp@jigsy.com,Non-binary,185.96.247.64
819,Kort,Brookz,kbrookzmq@oracle.com,Male,90.53.97.196
820,Inglebert,McQuarter,imcquartermr@technorati.com,Male,139.208.241.7
821,Mabel,Egleton,megletonms@ucla.edu,Female,113.174.140.37
822,Shel,Woodruff,swoodruffmt@sciencedirect.com,Female,9.105.109.95
823,Davine,Dudman,ddudmanmu@xrea.com,Female,46.115.231.211
824,Charlie,Dever,cdevermv@usatoday.com,Male,33.35.206.136
825,Aliza,Blaydes,ablaydesmw@tripod.com,Female,131.185.61.182
826,Adelind,Dafydd,adafyddmx@ucoz.ru,Female,94.1.140.205
827,Gregorio,Stanlack,gstanlackmy@livejournal.com,Male,145.157.138.137
828,Gracia,Rothery,grotherymz@dot.gov,Female,187.126.246.165
829,Max,Giddings,mgiddingsn0@fema.gov,Female,93.214.101.86
830,Vivian,Flewin,vflewinn1@hostgator.com,Female,189.58.85.231
831,Anatol,Yurygyn,ayurygynn2@ycombinator.com,Male,177.34.209.139
832,Chance,Purrier,cpurriern3@soundcloud.com,Male,221.133.192.88
833,Melisande,Dumper,mdumpern4@ow.ly,Bigender,244.61.162.99
834,Cherice,Catcheside,ccatchesiden5@amazonaws.com,Female,194.206.157.75
835,Ellwood,Balmadier,ebalmadiern6@blog.com,Male,206.144.248.85
836,Wes,Aylen,waylenn7@shop-pro.jp,Male,133.153.66.112
837,Kitty,Hargrove,khargroven8@last.fm,Female,91.80.78.125
838,Nicolette,Duddell,nduddelln9@icio.us,Genderfluid,212.36.32.86
839,Selinda,Heard,sheardna@blogs.com,Genderqueer,70.72.247.111
840,Jozef,Troppmann,jtroppmannnb@ask.com,Male,171.6.203.5
841,Ashia,Rockwell,arockwellnc@gizmodo.com,Female,60.51.59.252
842,Myrtie,Bern,mbernnd@shutterfly.com,Female,158.248.184.186
843,Clareta,Swindin,cswindinne@moonfruit.com,Female,75.197.149.87
844,Richart,Honisch,rhonischnf@dropbox.com,Male,238.237.152.218
845,Tirrell,Chittim,tchittimng@shop-pro.jp,Male,135.225.222.225
846,Mariette,Tedridge,mtedridgenh@yelp.com,Female,174.166.124.150
847,Hagan,Civitillo,hcivitilloni@myspace.com,Male,4.30.30.197
848,Rochester,Ickowicz,rickowicznj@whitehouse.gov,Male,177.233.135.233
849,Rudd,Leathley,rleathleynk@chicagotribune.com,Genderqueer,209.200.196.252
850,Consuelo,Godlonton,cgodlontonnl@rakuten.co.jp,Female,115.58.121.197
851,Sarge,Simeonov,ssimeonovnm@ning.com,Male,101.143.111.108
852,Richy,Lashmar,rlashmarnn@discuz.net,Male,186.49.231.45
853,Ermentrude,Noweak,enoweakno@epa.gov,Female,131.61.91.97
854,Cad,Huyge,chuygenp@symantec.com,Male,85.112.157.209
855,Blayne,Pawling,bpawlingnq@loc.gov,Male,215.20.81.138
856,Ruddy,Lemmen,rlemmennr@netscape.com,Male,13.154.154.117
857,Marge,Douris,mdourisns@youku.com,Female,5.165.144.4
858,Melisse,Mains,mmainsnt@unblog.fr,Female,132.40.215.117
859,Woodman,Auld,wauldnu@blogspot.com,Genderqueer,42.159.18.76
860,Emmery,Andreone,eandreonenv@indiatimes.com,Male,189.146.73.34
861,Lethia,Dewsnap,ldewsnapnw@fda.gov,Female,54.99.110.8
862,Consalve,Letteresse,cletteressenx@chron.com,Male,128.252.37.204
863,Tish,Koomar,tkoomarny@ft.com,Female,52.5.223.114
864,Wait,Ricco,wricconz@dot.gov,Male,206.238.8.223
865,Darryl,Ricciardello,dricciardelloo0@ucla.edu,Female,139.211.115.31
866,Tiffanie,Houlson,thoulsono1@com.com,Agender,216.134.220.107
867,Deina,Dallas,ddallaso2@mac.com,Female,60.235.166.196
868,Dolly,Porson,dporsono3@4shared.com,Female,199.154.11.25
869,Charyl,Forber,cforbero4@tmall.com,Female,73.122.167.112
870,Adriena,O Mullen,aomulleno5@princeton.edu,Female,68.83.76.77
871,Emili,Dunkersley,edunkersleyo6@google.co.jp,Female,150.186.200.33
872,Bryce,Stark,bstarko7@opensource.org,Male,226.32.103.57
873,Belicia,Drewell,bdrewello8@meetup.com,Female,36.185.50.62
874,Elbertina,Attawell,eattawello9@mit.edu,Female,38.253.96.116
875,Kacey,Minnette,kminnetteoa@linkedin.com,Female,11.27.67.104
876,Candra,Havard,chavardob@washington.edu,Female,171.135.96.152
877,Kingston,Jeremiah,kjeremiahoc@xing.com,Male,123.95.13.184
878,Sherwood,Forsdike,sforsdikeod@about.com,Male,253.67.51.202
879,Shayne,Parmiter,sparmiteroe@usnews.com,Female,178.86.43.154
880,Daren,Sire,dsireof@wix.com,Male,130.105.220.137
881,Effie,Woodwin,ewoodwinog@aboutads.info,Female,67.43.70.35
882,Lorrie,Roby,lrobyoh@parallels.com,Female,226.123.152.129
883,Burnard,Lehrmann,blehrmannoi@msn.com,Male,35.135.16.223
884,Galven,Grayland,ggraylandoj@cnn.com,Male,208.42.243.81
885,Pietro,Layus,playusok@psu.edu,Male,56.244.7.128
886,Dun,Rottger,drottgerol@unblog.fr,Male,146.148.113.44
887,Wait,Piatto,wpiattoom@mlb.com,Male,185.49.207.240
888,Myriam,Kirley,mkirleyon@usatoday.com,Female,104.171.99.59
889,Wilbur,Stobbes,wstobbesoo@networksolutions.com,Male,125.134.243.179
890,Roxane,Bonsale,rbonsaleop@macromedia.com,Female,42.96.164.38
891,Reeta,Bhatia,rbhatiaoq@bluehost.com,Female,202.123.27.229
892,Kingsley,Fetherstan,kfetherstanor@weather.com,Polygender,48.228.246.198
893,Gerald,Graver,ggraveros@nhs.uk,Agender,144.96.129.1
894,Janessa,Tampling,jtamplingot@blogspot.com,Female,61.95.124.60
895,Mitzi,Larciere,mlarciereou@hatena.ne.jp,Female,42.218.34.1
896,Galina,Verrill,gverrillov@sina.com.cn,Female,5.6.180.135
897,Tony,Resun,tresunow@exblog.jp,Male,61.185.220.210
898,Celestyn,Zoephel,czoephelox@so-net.ne.jp,Female,65.209.242.191
899,Cam,Stitt,cstittoy@chron.com,Male,51.71.154.231
900,Tania,Rankine,trankineoz@rambler.ru,Female,196.19.80.150
901,Ilyssa,Thundercliffe,ithundercliffep0@etsy.com,Female,85.197.157.114
902,Lucita,Bisgrove,lbisgrovep1@xinhuanet.com,Female,87.246.72.224
903,Natalina,Jirik,njirikp2@naver.com,Female,104.19.145.165
904,Scarface,Digg,sdiggp3@diigo.com,Male,45.238.180.82
905,Danila,Guyet,dguyetp4@360.cn,Female,101.181.135.24
906,Fanchette,Barstow,fbarstowp5@hatena.ne.jp,Female,145.19.42.83
907,Eric,Michell,emichellp6@cnn.com,Male,170.220.108.114
908,Theodora,Bretland,tbretlandp7@ezinearticles.com,Female,198.185.168.195
909,Dorothea,Pittham,dpitthamp8@narod.ru,Female,164.111.240.250
910,Agnese,Surr,asurrp9@hibu.com,Female,203.233.22.86
911,Wilmar,Milne,wmilnepa@bing.com,Male,85.123.116.104
912,Arlen,Uttley,auttleypb@bandcamp.com,Female,2.34.109.18
913,Shaylyn,Landy,slandypc@examiner.com,Female,10.39.48.138
914,Shell,Cicconetti,scicconettipd@smugmug.com,Female,52.185.115.22
915,Seamus,Leivers,sleiverspe@pen.io,Non-binary,180.235.52.203
916,Avrit,Chiswell,achiswellpf@com.com,Female,245.216.182.27
917,Giacomo,Massow,gmassowpg@paypal.com,Male,131.2.208.48
918,Budd,Lyddiatt,blyddiattph@google.it,Male,206.220.92.18
919,Emelita,Flatley,eflatleypi@biblegateway.com,Female,196.185.185.125
920,Connie,Furney,cfurneypj@prnewswire.com,Female,51.225.1.151
921,Nani,Pickersail,npickersailpk@economist.com,Female,125.187.6.176
922,Izabel,MacCartan,imaccartanpl@woothemes.com,Female,138.72.37.150
923,Carla,Fasler,cfaslerpm@devhub.com,Female,191.184.232.245
924,Clifford,Skewis,cskewispn@wp.com,Male,172.68.194.39
925,Madge,Pegler,mpeglerpo@eepurl.com,Female,180.20.105.103
926,Gabriel,Horstead,ghorsteadpp@nhs.uk,Male,118.244.245.169
927,Ilysa,Leat,ileatpq@weather.com,Bigender,92.33.21.134
928,Perceval,Sargison,psargisonpr@sogou.com,Male,71.149.41.155
929,Serene,Goldson,sgoldsonps@java.com,Female,118.148.249.148
930,Rosemary,Skep,rskeppt@army.mil,Female,112.222.207.2
931,Corilla,Tieraney,ctieraneypu@usatoday.com,Female,244.71.115.21
932,Ingeborg,Versey,iverseypv@unesco.org,Genderfluid,234.69.233.147
933,Leora,Leehane,lleehanepw@printfriendly.com,Female,218.250.183.73
934,Dyna,Longden,dlongdenpx@jimdo.com,Bigender,229.253.88.136
935,Lucille,Penwell,lpenwellpy@t.co,Female,62.138.128.225
936,Rosalinde,Granleese,rgranleesepz@virginia.edu,Female,84.52.179.147
937,Ram,Shaddick,rshaddickq0@altervista.org,Male,221.229.154.36
938,Frazier,Marriner,fmarrinerq1@sourceforge.net,Male,128.111.221.116
939,Ethelin,Jales,ejalesq2@state.gov,Female,209.32.164.196
940,Gorden,Riding,gridingq3@craigslist.org,Male,233.41.247.203
941,Dyane,Fontel,dfontelq4@ted.com,Female,123.212.249.252
942,Sybil,Scritch,sscritchq5@angelfire.com,Female,222.26.12.210
943,Eileen,Duncklee,edunckleeq6@zdnet.com,Female,88.177.13.77
944,Gothart,Demaid,gdemaidq7@oaic.gov.au,Male,118.114.32.81
945,Mathe,Trahearn,mtrahearnq8@studiopress.com,Male,223.72.176.140
946,Angus,Mantz,amantzq9@google.com.hk,Agender,230.12.197.48
947,Valli,Paty,vpatyqa@printfriendly.com,Female,253.24.162.43
948,Mab,Grinham,mgrinhamqb@pcworld.com,Female,211.58.90.4
949,Spence,Leeuwerink,sleeuwerinkqc@ucoz.com,Bigender,160.63.138.67
950,Ike,Harling,iharlingqd@chronoengine.com,Male,178.191.37.164
951,Lena,Bendelow,lbendelowqe@bloomberg.com,Agender,31.5.198.6
952,Oren,McHaffy,omchaffyqf@weibo.com,Bigender,136.20.58.3
953,Karole,Sitlinton,ksitlintonqg@i2i.jp,Female,81.65.35.61
954,Burlie,Howford,bhowfordqh@posterous.com,Male,50.117.155.141
955,Jacinthe,Sackey,jsackeyqi@ow.ly,Female,34.86.13.167
956,Vergil,Drayson,vdraysonqj@economist.com,Male,249.248.12.140
957,Crawford,Blucher,cblucherqk@nba.com,Male,207.154.180.128
958,Reinold,Mathan,rmathanql@sciencedaily.com,Non-binary,6.115.132.93
959,Emlynne,Luety,eluetyqm@webeden.co.uk,Female,152.111.243.234
960,Nancy,Blackey,nblackeyqn@umich.edu,Female,176.174.168.39
961,Shae,Cheley,scheleyqo@google.fr,Female,70.54.9.102
962,Gayleen,Beentjes,gbeentjesqp@cpanel.net,Female,2.89.62.242
963,Rowen,Strode,rstrodeqq@w3.org,Bigender,4.252.197.235
964,Crystal,Tellenbrok,ctellenbrokqr@barnesandnoble.com,Female,138.40.147.15
965,Mayne,Prayer,mprayerqs@themeforest.net,Male,28.77.71.71
966,Findley,Secombe,fsecombeqt@wikia.com,Male,151.152.202.77
967,Goddart,Braam,gbraamqu@fastcompany.com,Male,21.249.55.9
968,Patrice,Stiggles,pstigglesqv@lulu.com,Female,190.121.48.21
969,Mariejeanne,Dargie,mdargieqw@xinhuanet.com,Female,248.124.7.90
970,Meredith,Rutgers,mrutgersqx@dyndns.org,Male,193.97.196.155
971,Darlene,Enstone,denstoneqy@i2i.jp,Genderqueer,190.159.71.62
972,Karlie,Rutt,kruttqz@loc.gov,Agender,94.157.123.5
973,Raimondo,Carragher,rcarragherr0@deviantart.com,Male,128.34.24.198
974,Dianne,Drewery,ddreweryr1@godaddy.com,Female,41.156.16.129
975,Arny,Sewall,asewallr2@rediff.com,Male,230.158.164.48
976,Ursa,Cotterel,ucotterelr3@ning.com,Female,131.108.176.239
977,Annamarie,Upex,aupexr4@flavors.me,Female,188.31.99.213
978,Kienan,Domonkos,kdomonkosr5@constantcontact.com,Male,215.35.59.46
979,Vassily,Castanares,vcastanaresr6@businessweek.com,Male,113.116.151.103
980,Efrem,Willcott,ewillcottr7@answers.com,Male,223.204.196.87
981,Allissa,Leteurtre,aleteurtrer8@xing.com,Female,252.213.30.113
982,Farley,Ricards,fricardsr9@joomla.org,Male,134.165.110.255
983,Alessandra,Poyntz,apoyntzra@ning.com,Female,134.187.71.197
984,Adrian,Vasishchev,avasishchevrb@mozilla.com,Male,40.54.104.48
985,Thom,Wroth,twrothrc@npr.org,Male,130.31.223.102
986,Lazare,Mochar,lmocharrd@mtv.com,Non-binary,133.146.65.255
987,Doyle,Creasey,dcreaseyre@about.me,Male,149.88.254.190
988,Hazel,Elnor,helnorrf@china.com.cn,Male,234.31.55.110
989,La verne,Magrannell,lmagrannellrg@wikipedia.org,Female,12.83.196.203
990,Alix,Divis,adivisrh@samsung.com,Female,116.140.32.198
991,Davidde,Verduin,dverduinri@google.nl,Male,38.225.156.19
992,Worth,Seifert,wseifertrj@ifeng.com,Male,147.114.29.196
993,Jordanna,Ivachyov,jivachyovrk@phoca.cz,Female,15.158.108.4
994,Mirna,Meighan,mmeighanrl@economist.com,Genderfluid,237.189.41.238
995,Haley,Koppeck,hkoppeckrm@squarespace.com,Male,75.64.110.129
996,Trula,Charman,tcharmanrn@nature.com,Female,200.28.198.190
997,Elmira,Broe,ebroero@pinterest.com,Female,64.199.223.196
998,Kristian,Roby,krobyrp@cmu.edu,Male,31.130.1.96
999,Taryn,Duhig,tduhigrq@squarespace.com,Female,22.136.213.6
1000,Frasier,Mercer,fmercerrr@amazonaws.com,Male,89.77.81.19
